{"cameraMode":{"drawMode":0,"name":"Shaded","section":"Shading Mode"},"sceneLighting":false,"audioPlay":false,"sceneViewState":{"m_AlwaysRefresh":false,"showFog":true,"showSkybox":false,"showFlares":true,"showImageEffects":true,"showParticleSystems":true,"showVisualEffectGraphs":true,"m_FxEnabled":true},"in2DMode":false,"pivot":{"x":6.446735382080078,"y":1.1624056100845338,"z":-1.7645463943481446},"rotation":{"x":0.03477286174893379,"y":-0.9649495482444763,"z":0.19541385769844056,"w":0.17171402275562287},"size":1.3147070407867432,"orthographic":false}