{"cameraMode":{"drawMode":0,"name":"Shaded","section":"Shading Mode"},"sceneLighting":false,"audioPlay":false,"sceneViewState":{"m_AlwaysRefresh":false,"showFog":true,"showSkybox":false,"showFlares":true,"showImageEffects":true,"showParticleSystems":true,"showVisualEffectGraphs":true,"m_FxEnabled":true},"in2DMode":false,"pivot":{"x":-0.3831469416618347,"y":0.7204436659812927,"z":0.3395804166793823},"rotation":{"x":-0.17974069714546204,"y":-0.10689897835254669,"z":0.01965165138244629,"w":-0.9777085781097412},"size":0.8775810599327087,"orthographic":false}